,SignId,pX,pY,Retro
0,4,0.8270000000000001,0.332,0.61
1,4,0.804,0.479,0.71
2,4,0.784,0.634,0.71
3,4,0.6859999999999999,0.887,0.63
4,4,0.608,0.382,0.71
5,4,0.568,0.981,0.7
