,SignId,pX,pY,Retro
0,8,0.682,0.289,0.8
1,8,0.6629999999999999,0.47,0.81
2,8,0.6809999999999999,0.6679999999999999,0.81
3,8,0.581,0.2,0.81
4,8,0.562,0.376,0.8
5,8,0.562,0.562,0.81
6,8,0.562,0.741,0.8
7,8,0.46299999999999997,0.273,0.8
8,8,0.46299999999999997,0.45399999999999996,0.82
9,8,0.48100000000000004,0.643,0.81
10,8,0.465,0.8079999999999999,0.81
11,8,0.366,0.34299999999999997,0.8
12,8,0.363,0.527,0.82
13,8,0.363,0.6970000000000001,0.8
